infection_chance,infection_duration,initial_infections,neighbor_threshold,replication,run_id,peak_infected,time_to_peak,final_recovered,attack_rate,epidemic_duration
0.1,10,1,3,0,1,4,6,13,0.13,66
0.1,10,1,3,1,2,3,3,3,0.03,13
0.1,10,1,3,2,3,5,17,6,0.06,27
0.1,10,1,3,3,4,5,5,5,0.05,15
0.1,10,1,3,4,5,5,10,6,0.06,21
0.1,10,1,6,0,6,69,17,97,0.97,33
0.1,10,1,6,1,7,41,38,87,0.87,55
0.1,10,1,6,2,8,61,23,99,0.99,44
0.1,10,1,6,3,9,64,20,97,0.97,40
0.1,10,1,6,4,10,48,23,98,0.98,50
0.1,10,1,9,0,11,60,14,97,0.97,46
0.1,10,1,9,1,12,68,17,100,1.0,35
0.1,10,1,9,2,13,90,17,100,1.0,30
0.1,10,1,9,3,14,77,13,100,1.0,29
0.1,10,1,9,4,15,56,21,100,1.0,44
0.1,10,3,3,0,16,18,12,37,0.37,39
0.1,10,3,3,1,17,11,10,23,0.23,37
0.1,10,3,3,2,18,10,17,26,0.26,42
0.1,10,3,3,3,19,15,10,37,0.37,84
0.1,10,3,3,4,20,16,14,30,0.3,46
0.1,10,3,6,0,21,57,14,99,0.99,33
0.1,10,3,6,1,22,42,13,99,0.99,43
0.1,10,3,6,2,23,64,11,100,1.0,44
0.1,10,3,6,3,24,65,19,99,0.99,36
0.1,10,3,6,4,25,62,11,95,0.95,54
0.1,10,3,9,0,26,89,10,100,1.0,27
0.1,10,3,9,1,27,93,10,99,0.99,25
0.1,10,3,9,2,28,79,13,100,1.0,30
0.1,10,3,9,3,29,89,11,99,0.99,26
0.1,10,3,9,4,30,65,12,100,1.0,37
0.1,10,5,3,0,31,25,10,32,0.32,42
0.1,10,5,3,1,32,26,9,32,0.32,38
0.1,10,5,3,2,33,24,9,32,0.32,29
0.1,10,5,3,3,34,18,10,55,0.55,70
0.1,10,5,3,4,35,28,10,49,0.49,54
0.1,10,5,6,0,36,77,13,98,0.98,35
0.1,10,5,6,1,37,50,10,93,0.93,58
0.1,10,5,6,2,38,57,10,100,1.0,43
0.1,10,5,6,3,39,63,15,99,0.99,36
0.1,10,5,6,4,40,75,12,100,1.0,38
0.1,10,5,9,0,41,82,10,100,1.0,36
0.1,10,5,9,1,42,90,10,100,1.0,27
0.1,10,5,9,2,43,95,10,100,1.0,23
0.1,10,5,9,3,44,99,10,100,1.0,21
0.1,10,5,9,4,45,89,11,100,1.0,24
0.1,10,8,3,0,46,37,10,74,0.74,59
0.1,10,8,3,1,47,43,14,72,0.72,34
0.1,10,8,3,2,48,20,9,34,0.34,36
0.1,10,8,3,3,49,37,10,57,0.57,52
0.1,10,8,3,4,50,32,10,45,0.45,41
0.1,10,8,6,0,51,80,10,95,0.95,35
0.1,10,8,6,1,52,73,12,98,0.98,30
0.1,10,8,6,2,53,80,10,99,0.99,27
0.1,10,8,6,3,54,78,10,100,1.0,35
0.1,10,8,6,4,55,77,10,100,1.0,35
0.1,10,8,9,0,56,89,10,99,0.99,25
0.1,10,8,9,1,57,87,10,100,1.0,28
0.1,10,8,9,2,58,92,10,100,1.0,22
0.1,10,8,9,3,59,91,10,100,1.0,26
0.1,10,8,9,4,60,92,10,99,0.99,26
0.1,15,1,3,0,61,20,120,65,0.65,147
0.1,15,1,3,1,62,16,99,64,0.64,150
0.1,15,1,3,2,63,17,17,48,0.48,103
0.1,15,1,3,3,64,5,9,6,0.06,32
0.1,15,1,3,4,65,27,51,93,0.93,126
0.1,15,1,6,0,66,60,30,100,1.0,51
0.1,15,1,6,1,67,56,33,100,1.0,71
0.1,15,1,6,2,68,68,30,99,0.99,93
0.1,15,1,6,3,69,74,22,100,1.0,55
0.1,15,1,6,4,70,73,31,100,1.0,53
0.1,15,1,9,0,71,92,16,100,1.0,36
0.1,15,1,9,1,72,77,24,100,1.0,48
0.1,15,1,9,2,73,90,17,100,1.0,39
0.1,15,1,9,3,74,85,21,100,1.0,44
0.1,15,1,9,4,75,94,21,100,1.0,40
0.1,15,3,3,0,76,19,15,23,0.23,53
0.1,15,3,3,1,77,36,14,79,0.79,80
0.1,15,3,3,2,78,17,11,23,0.23,47
0.1,15,3,3,3,79,22,34,62,0.62,97
0.1,15,3,3,4,80,19,19,48,0.48,90
0.1,15,3,6,0,81,71,22,100,1.0,50
0.1,15,3,6,1,82,79,18,100,1.0,43
0.1,15,3,6,2,83,61,22,100,1.0,43
0.1,15,3,6,3,84,71,19,98,0.98,48
0.1,15,3,6,4,85,80,19,100,1.0,43
0.1,15,3,9,0,86,97,15,100,1.0,33
0.1,15,3,9,1,87,97,15,100,1.0,32
0.1,15,3,9,2,88,78,18,100,1.0,38
0.1,15,3,9,3,89,94,15,100,1.0,34
0.1,15,3,9,4,90,100,14,100,1.0,29
0.1,15,5,3,0,91,38,32,92,0.92,79
0.1,15,5,3,1,92,36,15,90,0.9,81
0.1,15,5,3,2,93,45,14,81,0.81,76
0.1,15,5,3,3,94,24,15,53,0.53,80
0.1,15,5,3,4,95,32,15,52,0.52,65
0.1,15,5,6,0,96,84,15,98,0.98,40
0.1,15,5,6,1,97,81,15,96,0.96,39
0.1,15,5,6,2,98,94,15,99,0.99,37
0.1,15,5,6,3,99,75,22,100,1.0,49
0.1,15,5,6,4,100,82,18,100,1.0,47
0.1,15,5,9,0,101,98,15,100,1.0,32
0.1,15,5,9,1,102,99,15,100,1.0,32
0.1,15,5,9,2,103,92,15,96,0.96,44
0.1,15,5,9,3,104,100,15,100,1.0,30
0.1,15,5,9,4,105,94,15,100,1.0,36
0.1,15,8,3,0,106,44,15,79,0.79,70
0.1,15,8,3,1,107,45,15,75,0.75,66
0.1,15,8,3,2,108,40,15,68,0.68,61
0.1,15,8,3,3,109,45,15,93,0.93,128
0.1,15,8,3,4,110,55,15,78,0.78,57
0.1,15,8,6,0,111,85,15,100,1.0,48
0.1,15,8,6,1,112,97,15,99,0.99,31
0.1,15,8,6,2,113,86,15,100,1.0,50
0.1,15,8,6,3,114,79,15,100,1.0,38
0.1,15,8,6,4,115,93,15,99,0.99,48
0.1,15,8,9,0,116,100,13,100,1.0,28
0.1,15,8,9,1,117,98,13,100,1.0,34
0.1,15,8,9,2,118,98,15,100,1.0,34
0.1,15,8,9,3,119,99,14,100,1.0,32
0.1,15,8,9,4,120,100,11,100,1.0,26
0.1,20,1,3,0,121,7,18,7,0.07,38
0.1,20,1,3,1,122,34,47,91,0.91,150
0.1,20,1,3,2,123,18,34,53,0.53,150
0.1,20,1,3,3,124,34,72,88,0.88,144
0.1,20,1,3,4,125,21,75,59,0.59,138
0.1,20,1,6,0,126,79,34,100,1.0,56
0.1,20,1,6,1,127,59,41,99,0.99,76
0.1,20,1,6,2,128,73,26,100,1.0,66
0.1,20,1,6,3,129,82,34,100,1.0,57
0.1,20,1,6,4,130,68,38,98,0.98,73
0.1,20,1,9,0,131,95,20,100,1.0,45
0.1,20,1,9,1,132,99,19,100,1.0,44
0.1,20,1,9,2,133,99,21,100,1.0,41
0.1,20,1,9,3,134,92,23,100,1.0,48
0.1,20,1,9,4,135,90,23,100,1.0,53
0.1,20,3,3,0,136,26,58,94,0.94,150
0.1,20,3,3,1,137,15,17,50,0.5,150
0.1,20,3,3,2,138,43,39,84,0.84,85
0.1,20,3,3,3,139,47,27,98,0.98,108
0.1,20,3,3,4,140,39,28,86,0.86,110
0.1,20,3,6,0,141,91,22,100,1.0,56
0.1,20,3,6,1,142,95,20,100,1.0,58
0.1,20,3,6,2,143,86,22,100,1.0,72
0.1,20,3,6,3,144,84,23,100,1.0,48
0.1,20,3,6,4,145,76,26,100,1.0,55
0.1,20,3,9,0,146,100,15,100,1.0,35
0.1,20,3,9,1,147,95,20,100,1.0,47
0.1,20,3,9,2,148,97,20,100,1.0,45
0.1,20,3,9,3,149,99,20,100,1.0,42
0.1,20,3,9,4,150,99,15,100,1.0,43
0.1,20,5,3,0,151,49,26,77,0.77,123
0.1,20,5,3,1,152,37,20,91,0.91,100
0.1,20,5,3,2,153,32,19,46,0.46,53
0.1,20,5,3,3,154,44,31,75,0.75,95
0.1,20,5,3,4,155,56,20,86,0.86,83
0.1,20,5,6,0,156,89,20,100,1.0,60
0.1,20,5,6,1,157,80,20,98,0.98,74
0.1,20,5,6,2,158,96,20,100,1.0,42
0.1,20,5,6,3,159,90,20,100,1.0,48
0.1,20,5,6,4,160,95,20,100,1.0,44
0.1,20,5,9,0,161,96,17,100,1.0,52
0.1,20,5,9,1,162,100,13,100,1.0,33
0.1,20,5,9,2,163,100,13,100,1.0,33
0.1,20,5,9,3,164,98,19,100,1.0,42
0.1,20,5,9,4,165,100,20,100,1.0,40
0.1,20,8,3,0,166,63,20,93,0.93,68
0.1,20,8,3,1,167,54,20,80,0.8,93
0.1,20,8,3,2,168,58,19,86,0.86,70
0.1,20,8,3,3,169,52,20,88,0.88,78
0.1,20,8,3,4,170,53,20,90,0.9,74
0.1,20,8,6,0,171,96,19,100,1.0,50
0.1,20,8,6,1,172,95,20,100,1.0,52
0.1,20,8,6,2,173,90,20,98,0.98,47
0.1,20,8,6,3,174,99,20,100,1.0,42
0.1,20,8,6,4,175,97,20,100,1.0,51
0.1,20,8,9,0,176,100,15,100,1.0,35
0.1,20,8,9,1,177,100,13,100,1.0,33
0.1,20,8,9,2,178,99,19,100,1.0,41
0.1,20,8,9,3,179,100,18,100,1.0,38
0.1,20,8,9,4,180,100,14,100,1.0,34
0.1,25,1,3,0,181,31,77,95,0.95,150
0.1,25,1,3,1,182,36,88,99,0.99,146
0.1,25,1,3,2,183,49,36,98,0.98,124
0.1,25,1,3,3,184,49,48,87,0.87,150
0.1,25,1,3,4,185,25,32,73,0.73,150
0.1,25,1,6,0,186,88,30,100,1.0,60
0.1,25,1,6,1,187,94,32,100,1.0,63
0.1,25,1,6,2,188,48,61,100,1.0,103
0.1,25,1,6,3,189,86,27,100,1.0,61
0.1,25,1,6,4,190,92,27,100,1.0,69
0.1,25,1,9,0,191,100,24,100,1.0,49
0.1,25,1,9,1,192,100,21,100,1.0,46
0.1,25,1,9,2,193,100,21,100,1.0,46
0.1,25,1,9,3,194,100,18,100,1.0,43
0.1,25,1,9,4,195,100,21,100,1.0,46
0.1,25,3,3,0,196,71,43,98,0.98,82
0.1,25,3,3,1,197,39,33,75,0.75,114
0.1,25,3,3,2,198,57,55,100,1.0,111
0.1,25,3,3,3,199,50,33,100,1.0,103
0.1,25,3,3,4,200,52,32,97,0.97,110
0.1,25,3,6,0,201,91,25,100,1.0,59
0.1,25,3,6,1,202,91,25,100,1.0,73
0.1,25,3,6,2,203,99,25,100,1.0,51
0.1,25,3,6,3,204,94,25,100,1.0,71
0.1,25,3,6,4,205,71,25,100,1.0,73
0.1,25,3,9,0,206,100,18,100,1.0,43
0.1,25,3,9,1,207,100,19,100,1.0,44
0.1,25,3,9,2,208,100,18,100,1.0,43
0.1,25,3,9,3,209,100,20,100,1.0,45
0.1,25,3,9,4,210,100,24,100,1.0,49
0.1,25,5,3,0,211,35,36,86,0.86,118
0.1,25,5,3,1,212,34,25,34,0.34,50
0.1,25,5,3,2,213,60,25,81,0.81,78
0.1,25,5,3,3,214,73,25,99,0.99,93
0.1,25,5,3,4,215,44,31,62,0.62,79
0.1,25,5,6,0,216,99,25,100,1.0,51
0.1,25,5,6,1,217,98,23,100,1.0,68
0.1,25,5,6,2,218,90,24,100,1.0,81
0.1,25,5,6,3,219,93,25,100,1.0,55
0.1,25,5,6,4,220,95,24,97,0.97,54
0.1,25,5,9,0,221,100,20,100,1.0,45
0.1,25,5,9,1,222,100,19,100,1.0,44
0.1,25,5,9,2,223,100,16,100,1.0,41
0.1,25,5,9,3,224,100,20,100,1.0,45
0.1,25,5,9,4,225,100,12,100,1.0,37
0.1,25,8,3,0,226,48,25,95,0.95,123
0.1,25,8,3,1,227,78,25,100,1.0,97
0.1,25,8,3,2,228,70,25,98,0.98,84
0.1,25,8,3,3,229,52,25,91,0.91,112
0.1,25,8,3,4,230,61,25,88,0.88,101
0.1,25,8,6,0,231,100,23,100,1.0,48
0.1,25,8,6,1,232,100,20,100,1.0,45
0.1,25,8,6,2,233,98,23,98,0.98,48
0.1,25,8,6,3,234,100,22,100,1.0,47
0.1,25,8,6,4,235,95,25,100,1.0,55
0.1,25,8,9,0,236,100,14,100,1.0,39
0.1,25,8,9,1,237,100,23,100,1.0,48
0.1,25,8,9,2,238,100,11,100,1.0,36
0.1,25,8,9,3,239,100,17,100,1.0,42
0.1,25,8,9,4,240,100,13,100,1.0,38
0.2,10,1,3,0,241,15,10,15,0.15,20
0.2,10,1,3,1,242,46,28,97,0.97,50
0.2,10,1,3,2,243,30,28,90,0.9,73
0.2,10,1,3,3,244,14,32,41,0.41,57
0.2,10,1,3,4,245,16,13,34,0.34,41
0.2,10,1,6,0,246,79,14,100,1.0,39
0.2,10,1,6,1,247,54,23,100,1.0,37
0.2,10,1,6,2,248,80,14,100,1.0,32
0.2,10,1,6,3,249,65,16,100,1.0,35
0.2,10,1,6,4,250,67,16,99,0.99,36
0.2,10,1,9,0,251,88,12,100,1.0,26
0.2,10,1,9,1,252,93,12,100,1.0,24
0.2,10,1,9,2,253,93,12,100,1.0,23
0.2,10,1,9,3,254,75,15,100,1.0,34
0.2,10,1,9,4,255,87,14,100,1.0,28
0.2,10,3,3,0,256,33,17,64,0.64,43
0.2,10,3,3,1,257,28,10,63,0.63,48
0.2,10,3,3,2,258,16,104,82,0.82,118
0.2,10,3,3,3,259,27,29,89,0.89,62
0.2,10,3,3,4,260,18,15,30,0.3,33
0.2,10,3,6,0,261,89,12,100,1.0,27
0.2,10,3,6,1,262,70,11,99,0.99,29
0.2,10,3,6,2,263,91,12,100,1.0,25
0.2,10,3,6,3,264,76,10,100,1.0,41
0.2,10,3,6,4,265,90,12,100,1.0,33
0.2,10,3,9,0,266,99,9,100,1.0,21
0.2,10,3,9,1,267,100,10,100,1.0,20
0.2,10,3,9,2,268,97,10,100,1.0,22
0.2,10,3,9,3,269,100,9,100,1.0,19
0.2,10,3,9,4,270,88,11,100,1.0,29
0.2,10,5,3,0,271,36,10,67,0.67,53
0.2,10,5,3,1,272,44,10,74,0.74,37
0.2,10,5,3,2,273,33,10,67,0.67,53
0.2,10,5,3,3,274,39,10,94,0.94,58
0.2,10,5,3,4,275,46,10,92,0.92,71
0.2,10,5,6,0,276,96,10,100,1.0,23
0.2,10,5,6,1,277,83,10,100,1.0,27
0.2,10,5,6,2,278,91,11,100,1.0,26
0.2,10,5,6,3,279,83,10,100,1.0,26
0.2,10,5,6,4,280,92,11,100,1.0,22
0.2,10,5,9,0,281,99,10,100,1.0,21
0.2,10,5,9,1,282,98,10,100,1.0,21
0.2,10,5,9,2,283,100,8,100,1.0,18
0.2,10,5,9,3,284,100,9,100,1.0,19
0.2,10,5,9,4,285,98,10,100,1.0,22
0.2,10,8,3,0,286,76,10,91,0.91,36
0.2,10,8,3,1,287,56,10,97,0.97,38
0.2,10,8,3,2,288,66,10,96,0.96,32
0.2,10,8,3,3,289,42,10,66,0.66,29
0.2,10,8,3,4,290,49,10,85,0.85,41
0.2,10,8,6,0,291,98,10,100,1.0,21
0.2,10,8,6,1,292,77,10,100,1.0,28
0.2,10,8,6,2,293,98,10,100,1.0,22
0.2,10,8,6,3,294,86,10,100,1.0,27
0.2,10,8,6,4,295,91,10,100,1.0,23
0.2,10,8,9,0,296,100,8,100,1.0,18
0.2,10,8,9,1,297,98,10,100,1.0,32
0.2,10,8,9,2,298,100,10,100,1.0,20
0.2,10,8,9,3,299,100,8,100,1.0,18
0.2,10,8,9,4,300,100,10,100,1.0,20
0.2,15,1,3,0,301,9,13,17,0.17,55
0.2,15,1,3,1,302,15,12,43,0.43,69
0.2,15,1,3,2,303,5,4,5,0.05,19
0.2,15,1,3,3,304,34,40,67,0.67,82
0.2,15,1,3,4,305,38,61,91,0.91,99
0.2,15,1,6,0,306,85,24,100,1.0,42
0.2,15,1,6,1,307,93,17,100,1.0,37
0.2,15,1,6,2,308,84,15,100,1.0,41
0.2,15,1,6,3,309,92,20,100,1.0,35
0.2,15,1,6,4,310,86,16,100,1.0,42
0.2,15,1,9,0,311,100,12,100,1.0,27
0.2,15,1,9,1,312,96,16,100,1.0,33
0.2,15,1,9,2,313,100,14,100,1.0,29
0.2,15,1,9,3,314,100,14,100,1.0,29
0.2,15,1,9,4,315,100,13,100,1.0,28
0.2,15,3,3,0,316,39,23,94,0.94,64
0.2,15,3,3,1,317,52,15,92,0.92,82
0.2,15,3,3,2,318,32,15,52,0.52,63
0.2,15,3,3,3,319,52,25,100,1.0,64
0.2,15,3,3,4,320,50,24,94,0.94,68
0.2,15,3,6,0,321,98,14,100,1.0,32
0.2,15,3,6,1,322,100,15,100,1.0,30
0.2,15,3,6,2,323,100,13,100,1.0,28
0.2,15,3,6,3,324,92,13,100,1.0,36
0.2,15,3,6,4,325,91,16,100,1.0,34
0.2,15,3,9,0,326,100,14,100,1.0,29
0.2,15,3,9,1,327,100,10,100,1.0,25
0.2,15,3,9,2,328,100,13,100,1.0,28
0.2,15,3,9,3,329,100,8,100,1.0,23
0.2,15,3,9,4,330,99,13,100,1.0,32
0.2,15,5,3,0,331,36,15,74,0.74,67
0.2,15,5,3,1,332,57,15,97,0.97,73
0.2,15,5,3,2,333,70,15,100,1.0,49
0.2,15,5,3,3,334,41,14,84,0.84,58
0.2,15,5,3,4,335,43,15,70,0.7,68
0.2,15,5,6,0,336,97,15,100,1.0,33
0.2,15,5,6,1,337,95,15,100,1.0,49
0.2,15,5,6,2,338,94,15,100,1.0,43
0.2,15,5,6,3,339,100,13,100,1.0,28
0.2,15,5,6,4,340,100,11,100,1.0,26
0.2,15,5,9,0,341,100,15,100,1.0,30
0.2,15,5,9,1,342,100,15,100,1.0,30
0.2,15,5,9,2,343,100,9,100,1.0,24
0.2,15,5,9,3,344,99,10,100,1.0,31
0.2,15,5,9,4,345,100,10,100,1.0,25
0.2,15,8,3,0,346,57,15,96,0.96,59
0.2,15,8,3,1,347,60,15,100,1.0,73
0.2,15,8,3,2,348,72,15,92,0.92,66
0.2,15,8,3,3,349,64,15,84,0.84,42
0.2,15,8,3,4,350,65,15,88,0.88,54
0.2,15,8,6,0,351,100,13,100,1.0,28
0.2,15,8,6,1,352,98,14,100,1.0,31
0.2,15,8,6,2,353,100,12,100,1.0,27
0.2,15,8,6,3,354,100,14,100,1.0,29
0.2,15,8,6,4,355,100,15,100,1.0,30
0.2,15,8,9,0,356,100,10,100,1.0,25
0.2,15,8,9,1,357,100,7,100,1.0,22
0.2,15,8,9,2,358,100,6,100,1.0,21
0.2,15,8,9,3,359,100,9,100,1.0,24
0.2,15,8,9,4,360,100,12,100,1.0,27
0.2,20,1,3,0,361,60,46,98,0.98,94
0.2,20,1,3,1,362,62,51,99,0.99,119
0.2,20,1,3,2,363,31,47,89,0.89,118
0.2,20,1,3,3,364,60,29,90,0.9,79
0.2,20,1,3,4,365,62,35,100,1.0,70
0.2,20,1,6,0,366,89,23,96,0.96,45
0.2,20,1,6,1,367,93,24,100,1.0,61
0.2,20,1,6,2,368,76,34,100,1.0,59
0.2,20,1,6,3,369,98,21,100,1.0,42
0.2,20,1,6,4,370,98,21,100,1.0,42
0.2,20,1,9,0,371,100,13,100,1.0,33
0.2,20,1,9,1,372,100,15,100,1.0,35
0.2,20,1,9,2,373,100,12,100,1.0,32
0.2,20,1,9,3,374,99,19,100,1.0,41
0.2,20,1,9,4,375,100,12,100,1.0,32
0.2,20,3,3,0,376,52,30,93,0.93,95
0.2,20,3,3,1,377,45,20,96,0.96,94
0.2,20,3,3,2,378,47,20,100,1.0,100
0.2,20,3,3,3,379,51,26,96,0.96,80
0.2,20,3,3,4,380,43,20,96,0.96,118
0.2,20,3,6,0,381,100,19,100,1.0,39
0.2,20,3,6,1,382,91,21,100,1.0,50
0.2,20,3,6,2,383,100,13,100,1.0,33
0.2,20,3,6,3,384,100,17,100,1.0,37
0.2,20,3,6,4,385,97,19,100,1.0,47
0.2,20,3,9,0,386,100,14,100,1.0,34
0.2,20,3,9,1,387,100,12,100,1.0,32
0.2,20,3,9,2,388,100,10,100,1.0,30
0.2,20,3,9,3,389,100,11,100,1.0,31
0.2,20,3,9,4,390,100,14,100,1.0,34
0.2,20,5,3,0,391,79,24,95,0.95,53
0.2,20,5,3,1,392,57,20,93,0.93,92
0.2,20,5,3,2,393,67,20,98,0.98,109
0.2,20,5,3,3,394,60,19,71,0.71,54
0.2,20,5,3,4,395,64,20,100,1.0,80
0.2,20,5,6,0,396,100,18,100,1.0,38
0.2,20,5,6,1,397,100,16,100,1.0,36
0.2,20,5,6,2,398,92,17,100,1.0,45
0.2,20,5,6,3,399,100,17,100,1.0,37
0.2,20,5,6,4,400,98,19,100,1.0,44
0.2,20,5,9,0,401,100,11,100,1.0,31
0.2,20,5,9,1,402,100,10,100,1.0,30
0.2,20,5,9,2,403,100,11,100,1.0,31
0.2,20,5,9,3,404,100,12,100,1.0,32
0.2,20,5,9,4,405,100,12,100,1.0,32
0.2,20,8,3,0,406,79,20,93,0.93,62
0.2,20,8,3,1,407,53,18,95,0.95,109
0.2,20,8,3,2,408,93,19,100,1.0,45
0.2,20,8,3,3,409,83,20,95,0.95,56
0.2,20,8,3,4,410,75,20,98,0.98,65
0.2,20,8,6,0,411,100,12,100,1.0,32
0.2,20,8,6,1,412,100,14,100,1.0,34
0.2,20,8,6,2,413,100,18,100,1.0,38
0.2,20,8,6,3,414,100,13,100,1.0,33
0.2,20,8,6,4,415,100,13,100,1.0,33
0.2,20,8,9,0,416,100,10,100,1.0,30
0.2,20,8,9,1,417,100,10,100,1.0,30
0.2,20,8,9,2,418,100,8,100,1.0,28
0.2,20,8,9,3,419,100,10,100,1.0,30
0.2,20,8,9,4,420,100,7,100,1.0,27
0.2,25,1,3,0,421,41,73,81,0.81,130
0.2,25,1,3,1,422,40,30,94,0.94,102
0.2,25,1,3,2,423,33,31,88,0.88,127
0.2,25,1,3,3,424,71,42,97,0.97,87
0.2,25,1,3,4,425,62,46,88,0.88,90
0.2,25,1,6,0,426,100,18,100,1.0,43
0.2,25,1,6,1,427,98,26,100,1.0,52
0.2,25,1,6,2,428,100,23,100,1.0,48
0.2,25,1,6,3,429,100,25,100,1.0,50
0.2,25,1,6,4,430,99,23,100,1.0,52
0.2,25,1,9,0,431,100,17,100,1.0,42
0.2,25,1,9,1,432,100,15,100,1.0,40
0.2,25,1,9,2,433,100,16,100,1.0,41
0.2,25,1,9,3,434,100,19,100,1.0,44
0.2,25,1,9,4,435,100,15,100,1.0,40
0.2,25,3,3,0,436,67,25,94,0.94,71
0.2,25,3,3,1,437,40,68,91,0.91,138
0.2,25,3,3,2,438,67,25,81,0.81,75
0.2,25,3,3,3,439,70,32,98,0.98,72
0.2,25,3,3,4,440,36,61,77,0.77,95
0.2,25,3,6,0,441,100,25,100,1.0,50
0.2,25,3,6,1,442,100,23,100,1.0,48
0.2,25,3,6,2,443,100,15,100,1.0,40
0.2,25,3,6,3,444,98,24,100,1.0,53
0.2,25,3,6,4,445,100,16,100,1.0,41
0.2,25,3,9,0,446,100,10,100,1.0,35
0.2,25,3,9,1,447,100,11,100,1.0,36
0.2,25,3,9,2,448,100,12,100,1.0,37
0.2,25,3,9,3,449,100,10,100,1.0,35
0.2,25,3,9,4,450,100,12,100,1.0,37
0.2,25,5,3,0,451,76,25,100,1.0,90
0.2,25,5,3,1,452,90,25,99,0.99,61
0.2,25,5,3,2,453,82,25,99,0.99,60
0.2,25,5,3,3,454,84,24,100,1.0,89
0.2,25,5,3,4,455,57,25,98,0.98,86
0.2,25,5,6,0,456,100,22,100,1.0,47
0.2,25,5,6,1,457,100,12,100,1.0,37
0.2,25,5,6,2,458,100,22,100,1.0,47
0.2,25,5,6,3,459,99,23,100,1.0,55
0.2,25,5,6,4,460,100,12,100,1.0,37
0.2,25,5,9,0,461,100,12,100,1.0,37
0.2,25,5,9,1,462,100,8,100,1.0,33
0.2,25,5,9,2,463,100,8,100,1.0,33
0.2,25,5,9,3,464,100,11,100,1.0,36
0.2,25,5,9,4,465,100,13,100,1.0,38
0.2,25,8,3,0,466,85,25,94,0.94,58
0.2,25,8,3,1,467,84,25,100,1.0,66
0.2,25,8,3,2,468,95,24,97,0.97,55
0.2,25,8,3,3,469,94,24,95,0.95,53
0.2,25,8,3,4,470,89,23,96,0.96,83
0.2,25,8,6,0,471,100,13,100,1.0,38
0.2,25,8,6,1,472,100,16,100,1.0,41
0.2,25,8,6,2,473,100,20,100,1.0,45
0.2,25,8,6,3,474,100,20,100,1.0,45
0.2,25,8,6,4,475,100,18,100,1.0,43
0.2,25,8,9,0,476,100,7,100,1.0,32
0.2,25,8,9,1,477,100,11,100,1.0,36
0.2,25,8,9,2,478,100,15,100,1.0,40
0.2,25,8,9,3,479,100,7,100,1.0,32
0.2,25,8,9,4,480,100,10,100,1.0,35
0.3,10,1,3,0,481,42,34,86,0.86,49
0.3,10,1,3,1,482,34,20,89,0.89,60
0.3,10,1,3,2,483,36,15,94,0.94,60
0.3,10,1,3,3,484,13,18,44,0.44,72
0.3,10,1,3,4,485,19,65,62,0.62,75
0.3,10,1,6,0,486,87,14,100,1.0,26
0.3,10,1,6,1,487,86,14,100,1.0,26
0.3,10,1,6,2,488,52,24,100,1.0,39
0.3,10,1,6,3,489,76,15,100,1.0,26
0.3,10,1,6,4,490,67,16,100,1.0,33
0.3,10,1,9,0,491,96,14,100,1.0,24
0.3,10,1,9,1,492,99,10,100,1.0,21
0.3,10,1,9,2,493,98,11,100,1.0,22
0.3,10,1,9,3,494,100,10,100,1.0,20
0.3,10,1,9,4,495,94,11,100,1.0,24
0.3,10,3,3,0,496,40,20,87,0.87,43
0.3,10,3,3,1,497,39,12,76,0.76,42
0.3,10,3,3,2,498,19,10,19,0.19,20
0.3,10,3,3,3,499,49,12,69,0.69,31
0.3,10,3,3,4,500,56,14,98,0.98,62
0.3,10,3,6,0,501,72,11,95,0.95,27
0.3,10,3,6,1,502,94,12,100,1.0,23
0.3,10,3,6,2,503,86,11,100,1.0,26
0.3,10,3,6,3,504,86,11,100,1.0,30
0.3,10,3,6,4,505,100,10,100,1.0,20
0.3,10,3,9,0,506,99,10,100,1.0,21
0.3,10,3,9,1,507,100,9,100,1.0,19
0.3,10,3,9,2,508,100,9,100,1.0,19
0.3,10,3,9,3,509,100,8,100,1.0,18
0.3,10,3,9,4,510,100,10,100,1.0,20
0.3,10,5,3,0,511,41,10,71,0.71,38
0.3,10,5,3,1,512,50,10,91,0.91,43
0.3,10,5,3,2,513,63,15,94,0.94,47
0.3,10,5,3,3,514,59,11,87,0.87,37
0.3,10,5,3,4,515,55,10,93,0.93,43
0.3,10,5,6,0,516,93,9,100,1.0,27
0.3,10,5,6,1,517,94,10,100,1.0,22
0.3,10,5,6,2,518,82,10,99,0.99,26
0.3,10,5,6,3,519,99,10,100,1.0,21
0.3,10,5,6,4,520,89,10,100,1.0,24
0.3,10,5,9,0,521,100,6,100,1.0,16
0.3,10,5,9,1,522,99,9,100,1.0,21
0.3,10,5,9,2,523,99,10,100,1.0,21
0.3,10,5,9,3,524,100,9,100,1.0,19
0.3,10,5,9,4,525,100,8,100,1.0,18
0.3,10,8,3,0,526,77,12,97,0.97,30
0.3,10,8,3,1,527,86,10,91,0.91,23
0.3,10,8,3,2,528,62,10,94,0.94,32
0.3,10,8,3,3,529,72,10,93,0.93,31
0.3,10,8,3,4,530,88,10,98,0.98,26
0.3,10,8,6,0,531,97,10,100,1.0,21
0.3,10,8,6,1,532,99,9,100,1.0,21
0.3,10,8,6,2,533,97,10,100,1.0,28
0.3,10,8,6,3,534,100,9,100,1.0,19
0.3,10,8,6,4,535,100,9,100,1.0,19
0.3,10,8,9,0,536,100,7,100,1.0,17
0.3,10,8,9,1,537,100,7,100,1.0,17
0.3,10,8,9,2,538,100,6,100,1.0,16
0.3,10,8,9,3,539,100,6,100,1.0,16
0.3,10,8,9,4,540,100,8,100,1.0,18
0.3,15,1,3,0,541,51,40,91,0.91,65
0.3,15,1,3,1,542,9,11,9,0.09,26
0.3,15,1,3,2,543,7,10,7,0.07,25
0.3,15,1,3,3,544,66,37,98,0.98,57
0.3,15,1,3,4,545,10,32,19,0.19,48
0.3,15,1,6,0,546,96,15,100,1.0,33
0.3,15,1,6,1,547,93,16,100,1.0,34
0.3,15,1,6,2,548,91,16,97,0.97,36
0.3,15,1,6,3,549,94,16,100,1.0,33
0.3,15,1,6,4,550,97,15,100,1.0,39
0.3,15,1,9,0,551,100,11,100,1.0,26
0.3,15,1,9,1,552,99,11,99,0.99,26
0.3,15,1,9,2,553,100,14,100,1.0,29
0.3,15,1,9,3,554,100,15,100,1.0,30
0.3,15,1,9,4,555,100,7,100,1.0,22
0.3,15,3,3,0,556,55,17,96,0.96,49
0.3,15,3,3,1,557,51,30,98,0.98,70
0.3,15,3,3,2,558,67,15,93,0.93,78
0.3,15,3,3,3,559,39,37,89,0.89,65
0.3,15,3,3,4,560,58,21,92,0.92,60
0.3,15,3,6,0,561,100,14,100,1.0,29
0.3,15,3,6,1,562,100,11,100,1.0,26
0.3,15,3,6,2,563,100,11,100,1.0,26
0.3,15,3,6,3,564,100,15,100,1.0,30
0.3,15,3,6,4,565,100,15,100,1.0,30
0.3,15,3,9,0,566,97,15,100,1.0,33
0.3,15,3,9,1,567,100,9,100,1.0,24
0.3,15,3,9,2,568,100,8,100,1.0,23
0.3,15,3,9,3,569,100,7,100,1.0,22
0.3,15,3,9,4,570,100,8,100,1.0,23
0.3,15,5,3,0,571,65,14,84,0.84,59
0.3,15,5,3,1,572,71,15,97,0.97,50
0.3,15,5,3,2,573,68,15,81,0.81,38
0.3,15,5,3,3,574,62,15,97,0.97,63
0.3,15,5,3,4,575,73,16,98,0.98,45
0.3,15,5,6,0,576,100,10,100,1.0,25
0.3,15,5,6,1,577,100,10,100,1.0,25
0.3,15,5,6,2,578,97,15,100,1.0,34
0.3,15,5,6,3,579,100,15,100,1.0,30
0.3,15,5,6,4,580,100,15,100,1.0,30
0.3,15,5,9,0,581,100,5,100,1.0,20
0.3,15,5,9,1,582,100,8,100,1.0,23
0.3,15,5,9,2,583,100,7,100,1.0,22
0.3,15,5,9,3,584,100,8,100,1.0,23
0.3,15,5,9,4,585,100,8,100,1.0,23
0.3,15,8,3,0,586,75,15,88,0.88,50
0.3,15,8,3,1,587,90,15,94,0.94,35
0.3,15,8,3,2,588,91,15,97,0.97,36
0.3,15,8,3,3,589,74,15,85,0.85,40
0.3,15,8,3,4,590,80,15,99,0.99,46
0.3,15,8,6,0,591,100,7,100,1.0,22
0.3,15,8,6,1,592,99,11,100,1.0,33
0.3,15,8,6,2,593,100,13,100,1.0,28
0.3,15,8,6,3,594,99,11,100,1.0,31
0.3,15,8,6,4,595,100,8,100,1.0,23
0.3,15,8,9,0,596,100,7,100,1.0,22
0.3,15,8,9,1,597,100,8,100,1.0,23
0.3,15,8,9,2,598,100,7,100,1.0,22
0.3,15,8,9,3,599,100,6,100,1.0,21
0.3,15,8,9,4,600,100,7,100,1.0,22
0.3,20,1,3,0,601,49,27,91,0.91,76
0.3,20,1,3,1,602,55,31,94,0.94,85
0.3,20,1,3,2,603,44,52,65,0.65,74
0.3,20,1,3,3,604,44,38,83,0.83,102
0.3,20,1,3,4,605,4,4,4,0.04,24
0.3,20,1,6,0,606,100,20,100,1.0,40
0.3,20,1,6,1,607,65,29,100,1.0,68
0.3,20,1,6,2,608,100,16,100,1.0,36
0.3,20,1,6,3,609,100,20,100,1.0,40
0.3,20,1,6,4,610,93,22,100,1.0,54
0.3,20,1,9,0,611,100,20,100,1.0,40
0.3,20,1,9,1,612,100,14,100,1.0,34
0.3,20,1,9,2,613,100,11,100,1.0,31
0.3,20,1,9,3,614,100,11,100,1.0,31
0.3,20,1,9,4,615,100,10,100,1.0,30
0.3,20,3,3,0,616,78,22,99,0.99,62
0.3,20,3,3,1,617,64,33,100,1.0,89
0.3,20,3,3,2,618,43,20,71,0.71,71
0.3,20,3,3,3,619,39,19,57,0.57,56
0.3,20,3,3,4,620,49,20,96,0.96,98
0.3,20,3,6,0,621,100,14,100,1.0,34
0.3,20,3,6,1,622,100,17,100,1.0,37
0.3,20,3,6,2,623,100,12,100,1.0,32
0.3,20,3,6,3,624,97,20,100,1.0,51
0.3,20,3,6,4,625,99,18,100,1.0,41
0.3,20,3,9,0,626,100,8,100,1.0,28
0.3,20,3,9,1,627,100,8,100,1.0,28
0.3,20,3,9,2,628,100,9,100,1.0,29
0.3,20,3,9,3,629,100,16,100,1.0,36
0.3,20,3,9,4,630,100,9,100,1.0,29
0.3,20,5,3,0,631,86,18,100,1.0,55
0.3,20,5,3,1,632,84,20,97,0.97,55
0.3,20,5,3,2,633,98,20,100,1.0,43
0.3,20,5,3,3,634,72,19,100,1.0,87
0.3,20,5,3,4,635,83,19,86,0.86,45
0.3,20,5,6,0,636,100,9,100,1.0,29
0.3,20,5,6,1,637,100,16,100,1.0,36
0.3,20,5,6,2,638,100,12,100,1.0,32
0.3,20,5,6,3,639,100,10,100,1.0,30
0.3,20,5,6,4,640,100,11,100,1.0,31
0.3,20,5,9,0,641,100,12,100,1.0,32
0.3,20,5,9,1,642,100,8,100,1.0,28
0.3,20,5,9,2,643,100,7,100,1.0,27
0.3,20,5,9,3,644,100,5,100,1.0,25
0.3,20,5,9,4,645,100,8,100,1.0,28
0.3,20,8,3,0,646,78,20,97,0.97,49
0.3,20,8,3,1,647,87,20,100,1.0,51
0.3,20,8,3,2,648,94,19,100,1.0,56
0.3,20,8,3,3,649,90,20,99,0.99,64
0.3,20,8,3,4,650,91,20,98,0.98,55
0.3,20,8,6,0,651,100,10,100,1.0,30
0.3,20,8,6,1,652,100,9,100,1.0,29
0.3,20,8,6,2,653,100,14,100,1.0,34
0.3,20,8,6,3,654,100,9,100,1.0,29
0.3,20,8,6,4,655,100,10,100,1.0,30
0.3,20,8,9,0,656,100,6,100,1.0,26
0.3,20,8,9,1,657,100,7,100,1.0,27
0.3,20,8,9,2,658,100,9,100,1.0,29
0.3,20,8,9,3,659,100,7,100,1.0,27
0.3,20,8,9,4,660,100,6,100,1.0,26
0.3,25,1,3,0,661,76,30,91,0.91,65
0.3,25,1,3,1,662,75,41,100,1.0,80
0.3,25,1,3,2,663,46,35,68,0.68,72
0.3,25,1,3,3,664,48,55,79,0.79,91
0.3,25,1,3,4,665,22,27,24,0.24,57
0.3,25,1,6,0,666,100,14,100,1.0,39
0.3,25,1,6,1,667,100,22,100,1.0,47
0.3,25,1,6,2,668,100,17,100,1.0,42
0.3,25,1,6,3,669,100,18,100,1.0,43
0.3,25,1,6,4,670,100,18,100,1.0,43
0.3,25,1,9,0,671,100,9,100,1.0,34
0.3,25,1,9,1,672,100,12,100,1.0,37
0.3,25,1,9,2,673,100,12,100,1.0,37
0.3,25,1,9,3,674,100,17,100,1.0,42
0.3,25,1,9,4,675,100,11,100,1.0,36
0.3,25,3,3,0,676,80,25,100,1.0,70
0.3,25,3,3,1,677,94,25,99,0.99,54
0.3,25,3,3,2,678,97,24,100,1.0,74
0.3,25,3,3,3,679,71,24,98,0.98,63
0.3,25,3,3,4,680,70,25,100,1.0,70
0.3,25,3,6,0,681,100,12,100,1.0,37
0.3,25,3,6,1,682,100,15,100,1.0,40
0.3,25,3,6,2,683,100,11,100,1.0,36
0.3,25,3,6,3,684,100,17,100,1.0,42
0.3,25,3,6,4,685,100,14,100,1.0,39
0.3,25,3,9,0,686,100,8,100,1.0,33
0.3,25,3,9,1,687,100,8,100,1.0,33
0.3,25,3,9,2,688,100,9,100,1.0,34
0.3,25,3,9,3,689,100,10,100,1.0,35
0.3,25,3,9,4,690,100,8,100,1.0,33
0.3,25,5,3,0,691,95,25,100,1.0,58
0.3,25,5,3,1,692,87,25,100,1.0,66
0.3,25,5,3,2,693,74,20,83,0.83,91
0.3,25,5,3,3,694,75,23,100,1.0,72
0.3,25,5,3,4,695,96,25,100,1.0,52
0.3,25,5,6,0,696,100,9,100,1.0,34
0.3,25,5,6,1,697,100,15,100,1.0,40
0.3,25,5,6,2,698,100,9,100,1.0,34
0.3,25,5,6,3,699,100,11,100,1.0,36
0.3,25,5,6,4,700,100,9,100,1.0,34
0.3,25,5,9,0,701,100,8,100,1.0,33
0.3,25,5,9,1,702,100,8,100,1.0,33
0.3,25,5,9,2,703,100,7,100,1.0,32
0.3,25,5,9,3,704,100,7,100,1.0,32
0.3,25,5,9,4,705,100,10,100,1.0,35
0.3,25,8,3,0,706,95,23,97,0.97,55
0.3,25,8,3,1,707,97,24,99,0.99,52
0.3,25,8,3,2,708,97,25,100,1.0,58
0.3,25,8,3,3,709,95,24,98,0.98,68
0.3,25,8,3,4,710,98,18,100,1.0,54
0.3,25,8,6,0,711,100,12,100,1.0,37
0.3,25,8,6,1,712,100,11,100,1.0,36
0.3,25,8,6,2,713,100,11,100,1.0,36
0.3,25,8,6,3,714,100,11,100,1.0,36
0.3,25,8,6,4,715,100,8,100,1.0,33
0.3,25,8,9,0,716,100,5,100,1.0,30
0.3,25,8,9,1,717,100,10,100,1.0,35
0.3,25,8,9,2,718,100,8,100,1.0,33
0.3,25,8,9,3,719,100,5,100,1.0,30
0.3,25,8,9,4,720,100,6,100,1.0,31
0.4,10,1,3,0,721,30,20,72,0.72,47
0.4,10,1,3,1,722,13,8,13,0.13,18
0.4,10,1,3,2,723,12,10,28,0.28,39
0.4,10,1,3,3,724,56,15,99,0.99,38
0.4,10,1,3,4,725,33,20,90,0.9,52
0.4,10,1,6,0,726,95,12,100,1.0,26
0.4,10,1,6,1,727,98,12,100,1.0,22
0.4,10,1,6,2,728,96,11,100,1.0,23
0.4,10,1,6,3,729,97,12,100,1.0,22
0.4,10,1,6,4,730,90,12,100,1.0,24
0.4,10,1,9,0,731,99,10,100,1.0,22
0.4,10,1,9,1,732,99,10,100,1.0,21
0.4,10,1,9,2,733,99,11,100,1.0,21
0.4,10,1,9,3,734,100,8,100,1.0,18
0.4,10,1,9,4,735,100,9,100,1.0,19
0.4,10,3,3,0,736,53,10,88,0.88,33
0.4,10,3,3,1,737,34,13,72,0.72,48
0.4,10,3,3,2,738,61,14,94,0.94,48
0.4,10,3,3,3,739,77,13,99,0.99,33
0.4,10,3,3,4,740,54,11,96,0.96,44
0.4,10,3,6,0,741,100,10,100,1.0,20
0.4,10,3,6,1,742,100,9,100,1.0,19
0.4,10,3,6,2,743,100,9,100,1.0,19
0.4,10,3,6,3,744,100,10,100,1.0,20
0.4,10,3,6,4,745,92,11,100,1.0,24
0.4,10,3,9,0,746,100,10,100,1.0,20
0.4,10,3,9,1,747,100,7,100,1.0,17
0.4,10,3,9,2,748,100,6,100,1.0,16
0.4,10,3,9,3,749,100,7,100,1.0,17
0.4,10,3,9,4,750,100,10,100,1.0,20
0.4,10,5,3,0,751,39,8,60,0.6,35
0.4,10,5,3,1,752,45,10,97,0.97,39
0.4,10,5,3,2,753,50,10,78,0.78,49
0.4,10,5,3,3,754,61,10,97,0.97,54
0.4,10,5,3,4,755,62,10,93,0.93,35
0.4,10,5,6,0,756,96,10,100,1.0,22
0.4,10,5,6,1,757,99,10,100,1.0,21
0.4,10,5,6,2,758,99,9,100,1.0,25
0.4,10,5,6,3,759,100,8,100,1.0,18
0.4,10,5,6,4,760,100,9,100,1.0,19
0.4,10,5,9,0,761,100,9,100,1.0,19
0.4,10,5,9,1,762,100,6,100,1.0,16
0.4,10,5,9,2,763,100,5,100,1.0,15
0.4,10,5,9,3,764,100,7,100,1.0,17
0.4,10,5,9,4,765,100,7,100,1.0,17
0.4,10,8,3,0,766,87,10,95,0.95,26
0.4,10,8,3,1,767,73,10,88,0.88,37
0.4,10,8,3,2,768,86,10,97,0.97,26
0.4,10,8,3,3,769,75,10,99,0.99,36
0.4,10,8,3,4,770,79,10,88,0.88,25
0.4,10,8,6,0,771,100,6,100,1.0,16
0.4,10,8,6,1,772,100,7,100,1.0,17
0.4,10,8,6,2,773,100,8,100,1.0,18
0.4,10,8,6,3,774,100,9,100,1.0,19
0.4,10,8,6,4,775,100,7,100,1.0,17
0.4,10,8,9,0,776,100,6,100,1.0,16
0.4,10,8,9,1,777,100,8,100,1.0,18
0.4,10,8,9,2,778,100,4,100,1.0,14
0.4,10,8,9,3,779,100,6,100,1.0,16
0.4,10,8,9,4,780,100,9,100,1.0,19
0.4,15,1,3,0,781,40,27,90,0.9,90
0.4,15,1,3,1,782,32,57,85,0.85,77
0.4,15,1,3,2,783,66,21,97,0.97,48
0.4,15,1,3,3,784,36,15,62,0.62,63
0.4,15,1,3,4,785,60,22,92,0.92,48
0.4,15,1,6,0,786,100,14,100,1.0,29
0.4,15,1,6,1,787,100,12,100,1.0,27
0.4,15,1,6,2,788,94,17,100,1.0,34
0.4,15,1,6,3,789,96,15,100,1.0,38
0.4,15,1,6,4,790,94,16,100,1.0,35
0.4,15,1,9,0,791,100,11,100,1.0,26
0.4,15,1,9,1,792,100,8,100,1.0,23
0.4,15,1,9,2,793,100,9,100,1.0,24
0.4,15,1,9,3,794,100,9,100,1.0,24
0.4,15,1,9,4,795,100,10,100,1.0,25
0.4,15,3,3,0,796,53,17,89,0.89,46
0.4,15,3,3,1,797,46,14,100,1.0,63
0.4,15,3,3,2,798,51,16,82,0.82,109
0.4,15,3,3,3,799,61,16,94,0.94,54
0.4,15,3,3,4,800,98,15,100,1.0,35
0.4,15,3,6,0,801,100,13,100,1.0,28
0.4,15,3,6,1,802,98,12,98,0.98,27
0.4,15,3,6,2,803,100,13,100,1.0,28
0.4,15,3,6,3,804,100,13,100,1.0,28
0.4,15,3,6,4,805,100,12,100,1.0,27
0.4,15,3,9,0,806,100,5,100,1.0,20
0.4,15,3,9,1,807,100,8,100,1.0,23
0.4,15,3,9,2,808,100,7,100,1.0,22
0.4,15,3,9,3,809,100,7,100,1.0,22
0.4,15,3,9,4,810,100,7,100,1.0,22
0.4,15,5,3,0,811,55,15,90,0.9,63
0.4,15,5,3,1,812,89,15,91,0.91,32
0.4,15,5,3,2,813,53,29,98,0.98,50
0.4,15,5,3,3,814,85,15,100,1.0,37
0.4,15,5,3,4,815,82,15,100,1.0,56
0.4,15,5,6,0,816,100,10,100,1.0,25
0.4,15,5,6,1,817,100,15,100,1.0,30
0.4,15,5,6,2,818,100,9,100,1.0,24
0.4,15,5,6,3,819,99,12,99,0.99,27
0.4,15,5,6,4,820,99,13,99,0.99,28
0.4,15,5,9,0,821,100,8,100,1.0,23
0.4,15,5,9,1,822,100,6,100,1.0,21
0.4,15,5,9,2,823,100,7,100,1.0,22
0.4,15,5,9,3,824,100,12,100,1.0,27
0.4,15,5,9,4,825,100,7,100,1.0,22
0.4,15,8,3,0,826,95,15,97,0.97,37
0.4,15,8,3,1,827,99,15,99,0.99,30
0.4,15,8,3,2,828,93,15,100,1.0,36
0.4,15,8,3,3,829,96,15,100,1.0,32
0.4,15,8,3,4,830,96,15,100,1.0,36
0.4,15,8,6,0,831,100,9,100,1.0,24
0.4,15,8,6,1,832,100,5,100,1.0,20
0.4,15,8,6,2,833,100,7,100,1.0,22
0.4,15,8,6,3,834,100,7,100,1.0,22
0.4,15,8,6,4,835,100,8,100,1.0,23
0.4,15,8,9,0,836,100,4,100,1.0,19
0.4,15,8,9,1,837,100,6,100,1.0,21
0.4,15,8,9,2,838,100,4,100,1.0,19
0.4,15,8,9,3,839,100,4,100,1.0,19
0.4,15,8,9,4,840,100,5,100,1.0,20
0.4,20,1,3,0,841,18,20,19,0.19,41
0.4,20,1,3,1,842,59,31,91,0.91,77
0.4,20,1,3,2,843,45,20,77,0.77,104
0.4,20,1,3,3,844,69,27,95,0.95,67
0.4,20,1,3,4,845,87,24,100,1.0,49
0.4,20,1,6,0,846,100,16,100,1.0,36
0.4,20,1,6,1,847,100,13,100,1.0,33
0.4,20,1,6,2,848,100,11,100,1.0,31
0.4,20,1,6,3,849,100,13,100,1.0,33
0.4,20,1,6,4,850,100,16,100,1.0,36
0.4,20,1,9,0,851,100,12,100,1.0,32
0.4,20,1,9,1,852,100,13,100,1.0,33
0.4,20,1,9,2,853,100,11,100,1.0,31
0.4,20,1,9,3,854,100,12,100,1.0,32
0.4,20,1,9,4,855,100,11,100,1.0,31
0.4,20,3,3,0,856,68,20,89,0.89,50
0.4,20,3,3,1,857,65,20,95,0.95,67
0.4,20,3,3,2,858,83,25,100,1.0,53
0.4,20,3,3,3,859,51,20,83,0.83,82
0.4,20,3,3,4,860,89,19,98,0.98,75
0.4,20,3,6,0,861,100,17,100,1.0,37
0.4,20,3,6,1,862,100,13,100,1.0,33
0.4,20,3,6,2,863,100,11,100,1.0,31
0.4,20,3,6,3,864,100,11,100,1.0,31
0.4,20,3,6,4,865,100,14,100,1.0,34
0.4,20,3,9,0,866,100,9,100,1.0,29
0.4,20,3,9,1,867,100,8,100,1.0,28
0.4,20,3,9,2,868,100,8,100,1.0,28
0.4,20,3,9,3,869,100,6,100,1.0,26
0.4,20,3,9,4,870,100,6,100,1.0,26
0.4,20,5,3,0,871,97,20,99,0.99,48
0.4,20,5,3,1,872,81,20,94,0.94,48
0.4,20,5,3,2,873,85,20,99,0.99,56
0.4,20,5,3,3,874,98,18,99,0.99,44
0.4,20,5,3,4,875,85,20,94,0.94,56
0.4,20,5,6,0,876,100,12,100,1.0,32
0.4,20,5,6,1,877,100,7,100,1.0,27
0.4,20,5,6,2,878,100,14,100,1.0,34
0.4,20,5,6,3,879,100,14,100,1.0,34
0.4,20,5,6,4,880,100,8,100,1.0,28
0.4,20,5,9,0,881,100,8,100,1.0,28
0.4,20,5,9,1,882,100,5,100,1.0,25
0.4,20,5,9,2,883,100,6,100,1.0,26
0.4,20,5,9,3,884,100,5,100,1.0,25
0.4,20,5,9,4,885,100,5,100,1.0,25
0.4,20,8,3,0,886,93,20,100,1.0,52
0.4,20,8,3,1,887,100,18,100,1.0,38
0.4,20,8,3,2,888,87,19,93,0.93,60
0.4,20,8,3,3,889,84,20,86,0.86,47
0.4,20,8,3,4,890,78,20,94,0.94,56
0.4,20,8,6,0,891,100,8,100,1.0,28
0.4,20,8,6,1,892,100,8,100,1.0,28
0.4,20,8,6,2,893,100,14,100,1.0,34
0.4,20,8,6,3,894,100,17,100,1.0,37
0.4,20,8,6,4,895,100,6,100,1.0,26
0.4,20,8,9,0,896,100,4,100,1.0,24
0.4,20,8,9,1,897,100,5,100,1.0,25
0.4,20,8,9,2,898,100,6,100,1.0,26
0.4,20,8,9,3,899,100,8,100,1.0,28
0.4,20,8,9,4,900,100,8,100,1.0,28
0.4,25,1,3,0,901,51,38,89,0.89,87
0.4,25,1,3,1,902,69,29,85,0.85,75
0.4,25,1,3,2,903,49,29,78,0.78,108
0.4,25,1,3,3,904,43,34,90,0.9,136
0.4,25,1,3,4,905,6,3,6,0.06,28
0.4,25,1,6,0,906,100,17,100,1.0,42
0.4,25,1,6,1,907,100,17,100,1.0,42
0.4,25,1,6,2,908,100,16,100,1.0,41
0.4,25,1,6,3,909,100,13,100,1.0,38
0.4,25,1,6,4,910,100,14,100,1.0,39
0.4,25,1,9,0,911,100,9,100,1.0,34
0.4,25,1,9,1,912,100,10,100,1.0,35
0.4,25,1,9,2,913,100,13,100,1.0,38
0.4,25,1,9,3,914,100,12,100,1.0,37
0.4,25,1,9,4,915,100,8,100,1.0,33
0.4,25,3,3,0,916,87,24,100,1.0,70
0.4,25,3,3,1,917,48,22,98,0.98,92
0.4,25,3,3,2,918,61,34,98,0.98,87
0.4,25,3,3,3,919,78,25,100,1.0,60
0.4,25,3,3,4,920,98,25,100,1.0,62
0.4,25,3,6,0,921,100,12,100,1.0,37
0.4,25,3,6,1,922,100,11,100,1.0,36
0.4,25,3,6,2,923,100,12,100,1.0,37
0.4,25,3,6,3,924,100,7,100,1.0,32
0.4,25,3,6,4,925,100,12,100,1.0,37
0.4,25,3,9,0,926,100,9,100,1.0,34
0.4,25,3,9,1,927,100,7,100,1.0,32
0.4,25,3,9,2,928,100,5,100,1.0,30
0.4,25,3,9,3,929,100,8,100,1.0,33
0.4,25,3,9,4,930,100,8,100,1.0,33
0.4,25,5,3,0,931,96,25,99,0.99,54
0.4,25,5,3,1,932,100,20,100,1.0,45
0.4,25,5,3,2,933,94,25,99,0.99,64
0.4,25,5,3,3,934,98,24,100,1.0,60
0.4,25,5,3,4,935,90,25,100,1.0,88
0.4,25,5,6,0,936,100,9,100,1.0,34
0.4,25,5,6,1,937,100,10,100,1.0,35
0.4,25,5,6,2,938,100,10,100,1.0,35
0.4,25,5,6,3,939,99,16,99,0.99,41
0.4,25,5,6,4,940,100,8,100,1.0,33
0.4,25,5,9,0,941,100,7,100,1.0,32
0.4,25,5,9,1,942,100,9,100,1.0,34
0.4,25,5,9,2,943,100,10,100,1.0,35
0.4,25,5,9,3,944,100,7,100,1.0,32
0.4,25,5,9,4,945,100,8,100,1.0,33
0.4,25,8,3,0,946,94,24,100,1.0,60
0.4,25,8,3,1,947,100,25,100,1.0,50
0.4,25,8,3,2,948,85,23,99,0.99,69
0.4,25,8,3,3,949,99,24,100,1.0,54
0.4,25,8,3,4,950,97,25,100,1.0,53
0.4,25,8,6,0,951,100,6,100,1.0,31
0.4,25,8,6,1,952,100,9,100,1.0,34
0.4,25,8,6,2,953,100,7,100,1.0,32
0.4,25,8,6,3,954,100,6,100,1.0,31
0.4,25,8,6,4,955,100,9,100,1.0,34
0.4,25,8,9,0,956,100,7,100,1.0,32
0.4,25,8,9,1,957,100,6,100,1.0,31
0.4,25,8,9,2,958,100,4,100,1.0,29
0.4,25,8,9,3,959,100,6,100,1.0,31
0.4,25,8,9,4,960,100,5,100,1.0,30
0.5,10,1,3,0,961,48,22,81,0.81,45
0.5,10,1,3,1,962,43,18,98,0.98,47
0.5,10,1,3,2,963,12,9,25,0.25,44
0.5,10,1,3,3,964,37,16,96,0.96,55
0.5,10,1,3,4,965,4,1,4,0.04,11
0.5,10,1,6,0,966,95,11,100,1.0,23
0.5,10,1,6,1,967,84,14,100,1.0,29
0.5,10,1,6,2,968,90,12,100,1.0,24
0.5,10,1,6,3,969,91,12,100,1.0,30
0.5,10,1,6,4,970,94,11,100,1.0,26
0.5,10,1,9,0,971,100,9,100,1.0,19
0.5,10,1,9,1,972,100,9,100,1.0,19
0.5,10,1,9,2,973,100,7,100,1.0,17
0.5,10,1,9,3,974,100,9,100,1.0,19
0.5,10,1,9,4,975,100,8,100,1.0,18
0.5,10,3,3,0,976,45,10,76,0.76,52
0.5,10,3,3,1,977,69,10,97,0.97,48
0.5,10,3,3,2,978,41,19,89,0.89,41
0.5,10,3,3,3,979,46,11,99,0.99,48
0.5,10,3,3,4,980,20,4,20,0.2,14
0.5,10,3,6,0,981,99,10,99,0.99,20
0.5,10,3,6,1,982,100,10,100,1.0,20
0.5,10,3,6,2,983,100,10,100,1.0,20
0.5,10,3,6,3,984,94,10,100,1.0,23
0.5,10,3,6,4,985,100,9,100,1.0,19
0.5,10,3,9,0,986,100,9,100,1.0,19
0.5,10,3,9,1,987,100,6,100,1.0,16
0.5,10,3,9,2,988,100,7,100,1.0,17
0.5,10,3,9,3,989,100,6,100,1.0,16
0.5,10,3,9,4,990,96,10,100,1.0,38
0.5,10,5,3,0,991,81,10,96,0.96,25
0.5,10,5,3,1,992,85,10,98,0.98,23
0.5,10,5,3,2,993,75,11,99,0.99,29
0.5,10,5,3,3,994,94,10,98,0.98,24
0.5,10,5,3,4,995,34,10,42,0.42,25
0.5,10,5,6,0,996,100,7,100,1.0,17
0.5,10,5,6,1,997,100,7,100,1.0,17
0.5,10,5,6,2,998,100,9,100,1.0,19
0.5,10,5,6,3,999,100,9,100,1.0,19
0.5,10,5,6,4,1000,100,7,100,1.0,17
0.5,10,5,9,0,1001,100,5,100,1.0,15
0.5,10,5,9,1,1002,100,6,100,1.0,16
0.5,10,5,9,2,1003,100,6,100,1.0,16
0.5,10,5,9,3,1004,100,6,100,1.0,16
0.5,10,5,9,4,1005,100,7,100,1.0,17
0.5,10,8,3,0,1006,76,10,84,0.84,27
0.5,10,8,3,1,1007,74,10,99,0.99,39
0.5,10,8,3,2,1008,86,10,93,0.93,24
0.5,10,8,3,3,1009,88,10,99,0.99,33
0.5,10,8,3,4,1010,73,10,99,0.99,29
0.5,10,8,6,0,1011,100,7,100,1.0,17
0.5,10,8,6,1,1012,100,8,100,1.0,18
0.5,10,8,6,2,1013,100,5,100,1.0,15
0.5,10,8,6,3,1014,100,8,100,1.0,18
0.5,10,8,6,4,1015,100,6,100,1.0,16
0.5,10,8,9,0,1016,100,6,100,1.0,16
0.5,10,8,9,1,1017,100,4,100,1.0,14
0.5,10,8,9,2,1018,100,5,100,1.0,15
0.5,10,8,9,3,1019,100,5,100,1.0,15
0.5,10,8,9,4,1020,100,4,100,1.0,14
0.5,15,1,3,0,1021,51,18,95,0.95,65
0.5,15,1,3,1,1022,4,2,4,0.04,17
0.5,15,1,3,2,1023,46,25,72,0.72,46
0.5,15,1,3,3,1024,50,35,97,0.97,74
0.5,15,1,3,4,1025,84,19,100,1.0,39
0.5,15,1,6,0,1026,99,15,100,1.0,32
0.5,15,1,6,1,1027,100,14,100,1.0,29
0.5,15,1,6,2,1028,97,16,100,1.0,32
0.5,15,1,6,3,1029,100,10,100,1.0,25
0.5,15,1,6,4,1030,100,12,100,1.0,27
0.5,15,1,9,0,1031,100,8,100,1.0,23
0.5,15,1,9,1,1032,100,8,100,1.0,23
0.5,15,1,9,2,1033,100,8,100,1.0,23
0.5,15,1,9,3,1034,100,10,100,1.0,25
0.5,15,1,9,4,1035,100,7,100,1.0,22
0.5,15,3,3,0,1036,51,27,98,0.98,79
0.5,15,3,3,1,1037,61,17,85,0.85,55
0.5,15,3,3,2,1038,87,15,99,0.99,42
0.5,15,3,3,3,1039,94,15,100,1.0,41
0.5,15,3,3,4,1040,92,15,100,1.0,39
0.5,15,3,6,0,1041,100,9,100,1.0,24
0.5,15,3,6,1,1042,100,11,100,1.0,26
0.5,15,3,6,2,1043,100,14,100,1.0,29
0.5,15,3,6,3,1044,100,8,100,1.0,23
0.5,15,3,6,4,1045,100,8,100,1.0,23
0.5,15,3,9,0,1046,100,11,100,1.0,26
0.5,15,3,9,1,1047,100,7,100,1.0,22
0.5,15,3,9,2,1048,100,7,100,1.0,22
0.5,15,3,9,3,1049,100,7,100,1.0,22
0.5,15,3,9,4,1050,100,6,100,1.0,21
0.5,15,5,3,0,1051,65,15,98,0.98,53
0.5,15,5,3,1,1052,74,14,98,0.98,49
0.5,15,5,3,2,1053,92,15,99,0.99,55
0.5,15,5,3,3,1054,92,15,100,1.0,35
0.5,15,5,3,4,1055,56,15,94,0.94,48
0.5,15,5,6,0,1056,100,7,100,1.0,22
0.5,15,5,6,1,1057,99,15,100,1.0,31
0.5,15,5,6,2,1058,100,10,100,1.0,25
0.5,15,5,6,3,1059,100,6,100,1.0,21
0.5,15,5,6,4,1060,100,6,100,1.0,21
0.5,15,5,9,0,1061,100,6,100,1.0,21
0.5,15,5,9,1,1062,100,6,100,1.0,21
0.5,15,5,9,2,1063,100,6,100,1.0,21
0.5,15,5,9,3,1064,100,5,100,1.0,20
0.5,15,5,9,4,1065,100,4,100,1.0,19
0.5,15,8,3,0,1066,92,15,94,0.94,35
0.5,15,8,3,1,1067,92,13,96,0.96,43
0.5,15,8,3,2,1068,92,15,98,0.98,32
0.5,15,8,3,3,1069,93,15,94,0.94,32
0.5,15,8,3,4,1070,79,15,92,0.92,39
0.5,15,8,6,0,1071,100,15,100,1.0,30
0.5,15,8,6,1,1072,100,8,100,1.0,23
0.5,15,8,6,2,1073,100,9,100,1.0,24
0.5,15,8,6,3,1074,100,5,100,1.0,20
0.5,15,8,6,4,1075,100,8,100,1.0,23
0.5,15,8,9,0,1076,100,5,100,1.0,20
0.5,15,8,9,1,1077,100,7,100,1.0,22
0.5,15,8,9,2,1078,100,4,100,1.0,19
0.5,15,8,9,3,1079,100,4,100,1.0,19
0.5,15,8,9,4,1080,100,4,100,1.0,19
0.5,20,1,3,0,1081,82,37,99,0.99,62
0.5,20,1,3,1,1082,63,37,95,0.95,62
0.5,20,1,3,2,1083,66,27,100,1.0,61
0.5,20,1,3,3,1084,57,27,93,0.93,78
0.5,20,1,3,4,1085,54,39,93,0.93,104
0.5,20,1,6,0,1086,100,12,100,1.0,32
0.5,20,1,6,1,1087,100,12,100,1.0,32
0.5,20,1,6,2,1088,100,14,100,1.0,34
0.5,20,1,6,3,1089,100,12,100,1.0,32
0.5,20,1,6,4,1090,94,20,100,1.0,60
0.5,20,1,9,0,1091,100,7,100,1.0,27
0.5,20,1,9,1,1092,100,8,100,1.0,28
0.5,20,1,9,2,1093,100,8,100,1.0,28
0.5,20,1,9,3,1094,100,8,100,1.0,28
0.5,20,1,9,4,1095,100,11,100,1.0,31
0.5,20,3,3,0,1096,60,21,100,1.0,59
0.5,20,3,3,1,1097,92,20,98,0.98,49
0.5,20,3,3,2,1098,93,20,99,0.99,50
0.5,20,3,3,3,1099,55,20,100,1.0,82
0.5,20,3,3,4,1100,54,21,99,0.99,77
0.5,20,3,6,0,1101,100,8,100,1.0,28
0.5,20,3,6,1,1102,100,11,100,1.0,31
0.5,20,3,6,2,1103,100,10,100,1.0,30
0.5,20,3,6,3,1104,100,11,100,1.0,31
0.5,20,3,6,4,1105,100,9,100,1.0,29
0.5,20,3,9,0,1106,100,6,100,1.0,26
0.5,20,3,9,1,1107,100,6,100,1.0,26
0.5,20,3,9,2,1108,100,6,100,1.0,26
0.5,20,3,9,3,1109,100,6,100,1.0,26
0.5,20,3,9,4,1110,100,6,100,1.0,26
0.5,20,5,3,0,1111,89,20,98,0.98,55
0.5,20,5,3,1,1112,96,19,99,0.99,46
0.5,20,5,3,2,1113,98,14,98,0.98,34
0.5,20,5,3,3,1114,98,18,100,1.0,41
0.5,20,5,3,4,1115,97,20,100,1.0,43
0.5,20,5,6,0,1116,100,10,100,1.0,30
0.5,20,5,6,1,1117,100,20,100,1.0,40
0.5,20,5,6,2,1118,100,8,100,1.0,28
0.5,20,5,6,3,1119,100,7,100,1.0,27
0.5,20,5,6,4,1120,100,8,100,1.0,28
0.5,20,5,9,0,1121,100,7,100,1.0,27
0.5,20,5,9,1,1122,100,5,100,1.0,25
0.5,20,5,9,2,1123,100,5,100,1.0,25
0.5,20,5,9,3,1124,100,7,100,1.0,27
0.5,20,5,9,4,1125,100,6,100,1.0,26
0.5,20,8,3,0,1126,99,20,100,1.0,41
0.5,20,8,3,1,1127,83,20,87,0.87,64
0.5,20,8,3,2,1128,98,13,99,0.99,45
0.5,20,8,3,3,1129,98,20,99,0.99,42
0.5,20,8,3,4,1130,93,20,98,0.98,47
0.5,20,8,6,0,1131,100,8,100,1.0,28
0.5,20,8,6,1,1132,100,7,100,1.0,27
0.5,20,8,6,2,1133,100,8,100,1.0,28
0.5,20,8,6,3,1134,100,8,100,1.0,28
0.5,20,8,6,4,1135,100,5,100,1.0,25
0.5,20,8,9,0,1136,100,4,100,1.0,24
0.5,20,8,9,1,1137,100,5,100,1.0,25
0.5,20,8,9,2,1138,100,6,100,1.0,26
0.5,20,8,9,3,1139,100,6,100,1.0,26
0.5,20,8,9,4,1140,100,7,100,1.0,27
0.5,25,1,3,0,1141,66,21,66,0.66,46
0.5,25,1,3,1,1142,93,53,100,1.0,78
0.5,25,1,3,2,1143,47,52,99,0.99,111
0.5,25,1,3,3,1144,8,6,8,0.08,31
0.5,25,1,3,4,1145,27,80,57,0.57,132
0.5,25,1,6,0,1146,100,22,100,1.0,47
0.5,25,1,6,1,1147,100,11,100,1.0,36
0.5,25,1,6,2,1148,100,16,100,1.0,41
0.5,25,1,6,3,1149,100,13,100,1.0,38
0.5,25,1,6,4,1150,100,12,100,1.0,37
0.5,25,1,9,0,1151,100,9,100,1.0,34
0.5,25,1,9,1,1152,100,7,100,1.0,32
0.5,25,1,9,2,1153,100,10,100,1.0,35
0.5,25,1,9,3,1154,100,7,100,1.0,32
0.5,25,1,9,4,1155,100,7,100,1.0,32
0.5,25,3,3,0,1156,94,22,97,0.97,55
0.5,25,3,3,1,1157,100,15,100,1.0,40
0.5,25,3,3,2,1158,53,25,89,0.89,132
0.5,25,3,3,3,1159,100,24,100,1.0,49
0.5,25,3,3,4,1160,94,16,94,0.94,41
0.5,25,3,6,0,1161,98,25,100,1.0,51
0.5,25,3,6,1,1162,100,8,100,1.0,33
0.5,25,3,6,2,1163,100,12,100,1.0,37
0.5,25,3,6,3,1164,100,11,100,1.0,36
0.5,25,3,6,4,1165,100,13,100,1.0,38
0.5,25,3,9,0,1166,100,6,100,1.0,31
0.5,25,3,9,1,1167,100,7,100,1.0,32
0.5,25,3,9,2,1168,100,5,100,1.0,30
0.5,25,3,9,3,1169,100,7,100,1.0,32
0.5,25,3,9,4,1170,100,7,100,1.0,32
0.5,25,5,3,0,1171,88,25,95,0.95,55
0.5,25,5,3,1,1172,96,20,96,0.96,45
0.5,25,5,3,2,1173,94,25,100,1.0,69
0.5,25,5,3,3,1174,96,24,99,0.99,53
0.5,25,5,3,4,1175,98,24,100,1.0,51
0.5,25,5,6,0,1176,99,11,100,1.0,52
0.5,25,5,6,1,1177,100,9,100,1.0,34
0.5,25,5,6,2,1178,100,10,100,1.0,35
0.5,25,5,6,3,1179,100,12,100,1.0,37
0.5,25,5,6,4,1180,100,7,100,1.0,32
0.5,25,5,9,0,1181,100,6,100,1.0,31
0.5,25,5,9,1,1182,100,5,100,1.0,30
0.5,25,5,9,2,1183,100,7,100,1.0,32
0.5,25,5,9,3,1184,100,4,100,1.0,29
0.5,25,5,9,4,1185,100,8,100,1.0,33
0.5,25,8,3,0,1186,94,25,98,0.98,52
0.5,25,8,3,1,1187,99,23,100,1.0,55
0.5,25,8,3,2,1188,98,18,98,0.98,43
0.5,25,8,3,3,1189,80,21,80,0.8,46
0.5,25,8,3,4,1190,100,25,100,1.0,50
0.5,25,8,6,0,1191,100,7,100,1.0,32
0.5,25,8,6,1,1192,100,7,100,1.0,32
0.5,25,8,6,2,1193,100,7,100,1.0,32
0.5,25,8,6,3,1194,100,6,100,1.0,31
0.5,25,8,6,4,1195,100,7,100,1.0,32
0.5,25,8,9,0,1196,100,5,100,1.0,30
0.5,25,8,9,1,1197,100,7,100,1.0,32
0.5,25,8,9,2,1198,100,5,100,1.0,30
0.5,25,8,9,3,1199,100,9,100,1.0,34
0.5,25,8,9,4,1200,100,5,100,1.0,30
